asset,path real,hash,dimensiones,alpha,consumidor actual,licencia/procedencia,compatible técnicamente,compatible artísticamente,decisión A/B/F/G,nuevo consumidor permitido,riesgo
08_pantalla_final_mirador.png,docs/narrative/visual_refs/08_pantalla_final_mirador.png,01A3CFC3B1B0398E688A7E609E1833A9663A3956D4F13AE88808DA7B2FA8DB93,941×1672,no,docs narrativos,Repositorio/entrega escritor; licencia específica NO DOCUMENTADA,NO COMO ASSET RUNTIME,SÍ COMO DIRECCIÓN; NO COMO ARTE FINAL,B,NO; documentación solamente,Promover un mockup/referencia sin procedencia ni licencia cerradas
gvo_atlas_006f_306_final_revision_libre_mockup.png,docs/narrative/atlas_visual_assets_gvo_v1/gvo_atlas_006f_306_final_revision_libre_mockup.png,647D70CE5E3A0A6460A71264DEF02E39C4BB9DAA491D51BB29DA03CE7EFC037C,941×1672,no,Atlas documental,Atlas visual; licencia específica NO DOCUMENTADA,NO COMO ASSET RUNTIME,SÍ COMO DIRECCIÓN; NO COMO ARTE FINAL,B,NO; documentación solamente,Promover un mockup/referencia sin procedencia ni licencia cerradas
gvo_atlas_006f_307_final_confirmar_reinicio_mockup.png,docs/narrative/atlas_visual_assets_gvo_v1/gvo_atlas_006f_307_final_confirmar_reinicio_mockup.png,F7A179B85138D44EF4799A7970E230C3E4C24E9814A1954BBF984486CA9258D7,941×1672,no,Atlas documental,Atlas visual; licencia específica NO DOCUMENTADA,NO COMO ASSET RUNTIME,SÍ COMO DIRECCIÓN; NO COMO ARTE FINAL,B,NO; documentación solamente,Promover un mockup/referencia sin procedencia ni licencia cerradas
lia_pose_idle_v1.png,public/assets/gvo/current-used/cover-intro/lia/poses/lia_pose_idle_v1.png,5EBE67CB6857EB66E8F783C40F809E19C17053726CA600BAAA9DE509D3F50DDF,941×1672,yes,CoverIntroScreen/World2Root,Manifest Cover; biblioteca Lía,PENDIENTE_DE_PRUEBA,PENDIENTE_DE_APROBACIÓN_HUMANA,F,CONDICIONAL; ticket y aprobación explícita,Mezcla de cámara/estilo o semántica del consumidor original
lia_pose_greeting_v1.png,public/assets/gvo/current-used/cover-intro/lia/poses/lia_pose_greeting_v1.png,7A25A54FBC96852D0C5E26B4DE1FD470AE708ECCDEF7EF7352D37806E89C0AD5,1086×1448,yes,Cover/W4/W5,Manifest Cover; biblioteca Lía,PENDIENTE_DE_PRUEBA,PENDIENTE_DE_APROBACIÓN_HUMANA,F,CONDICIONAL; ticket y aprobación explícita,Mezcla de cámara/estilo o semántica del consumidor original
lia_pose_point_portal_1_v1.png,public/assets/gvo/current-used/cover-intro/lia/poses/lia_pose_point_portal_1_v1.png,00618770EE7B259DCB867A3F6758B7E0697A7D851967986A79D4AD3F8B3B1353,1024×1536,yes,CoverIntroScreen/World2Root,Manifest Cover; biblioteca Lía,PENDIENTE_DE_PRUEBA,PENDIENTE_DE_APROBACIÓN_HUMANA,F,CONDICIONAL; ticket y aprobación explícita,Mezcla de cámara/estilo o semántica del consumidor original
lia_root_idle_approved_v1.png,public/assets/gvo/current-used/world-1-root/lia/lia_root_idle_approved_v1.png,39A858C4691928EFFEA8D0168F5B806C9A179C57ECE44FA468B4B7CE3A47489A,1080×1920,yes,World1RootScreen,Manifest W1; fuente local Downloads/MUNDO1,PENDIENTE_DE_PRUEBA,PENDIENTE_DE_APROBACIÓN_HUMANA,F,CONDICIONAL; ticket y aprobación explícita,Mezcla de cámara/estilo o semántica del consumidor original
lia_root_point_relation_approved_v1.png,public/assets/gvo/current-used/world-1-root/lia/lia_root_point_relation_approved_v1.png,828D747B71A2089649F2E516700CEAE4F95AAE4869EAFFE1968F36380C3EC0D8,1080×1920,yes,World1RootScreen,Manifest W1; fuente local Downloads/MUNDO1,SÍ COMO FUENTE DE REFERENCIA; NO COMO PROMOCIÓN AUTOMÁTICA,REFERENCIA ÚNICAMENTE,B,NO para binario; generar asset específico del Mirador,Copiar literalmente o duplicar un binario de otro mundo
lia_root_ready_continue_approved_v1.png,public/assets/gvo/current-used/world-1-root/lia/lia_root_ready_continue_approved_v1.png,996DC33E6F62AF6EB3784371444FF5B681B042F121CC26B5713E25956E9C143B,1080×1920,yes,World1RootScreen,Manifest W1; fuente local Downloads/MUNDO1,SÍ COMO FUENTE DE REFERENCIA; NO COMO PROMOCIÓN AUTOMÁTICA,REFERENCIA ÚNICAMENTE,B,NO para binario; generar asset específico del Mirador,Copiar literalmente o duplicar un binario de otro mundo
lia_world3_idle_v01.png,public/assets/gvo/current-used/world-3-root/lia/lia_world3_idle_v01.png,0FC7473633449418A3479457B4A4F237C6F5F64E87F631674DBA94BF535EE37D,1024×1024,yes,World3LiaActor,W3 runtime aprobado; licencia específica NO DOCUMENTADA,SÍ COMO FUENTE DE REFERENCIA; NO COMO PROMOCIÓN AUTOMÁTICA,REFERENCIA ÚNICAMENTE,B,NO para binario; generar asset específico del Mirador,Copiar literalmente o duplicar un binario de otro mundo
lia_world3_pointing_v01.png,public/assets/gvo/current-used/world-3-root/lia/lia_world3_pointing_v01.png,51780FAF17A5AB2566D0264698F61115BE1D01745D73BEB52D4F6D10397952CA,1024×1024,yes,World3LiaActor,W3 runtime aprobado; licencia específica NO DOCUMENTADA,SÍ COMO FUENTE DE REFERENCIA; NO COMO PROMOCIÓN AUTOMÁTICA,REFERENCIA ÚNICAMENTE,B,NO para binario; generar asset específico del Mirador,Copiar literalmente o duplicar un binario de otro mundo
lia_world3_closure_v01.png,public/assets/gvo/current-used/world-3-root/lia/lia_world3_closure_v01.png,C82EF8E9334FA5BF5359FFC4303A7D60514B29AE6785D37FADC0613812DF2AFB,1024×1024,yes,World3LiaActor,W3 runtime aprobado; licencia específica NO DOCUMENTADA,SÍ COMO FUENTE DE REFERENCIA; NO COMO PROMOCIÓN AUTOMÁTICA,REFERENCIA ÚNICAMENTE,B,NO para binario; generar asset específico del Mirador,Copiar literalmente o duplicar un binario de otro mundo
lia_world5_lead_forward_v01.webp,public/assets/gvo/current-used/world-5-root/lia/lia_world5_lead_forward_v01.webp,58696A77F16BDE395FB093771790377F3B44FC788FF9D1B661080E92806A009E,1536×1536,yes,World5RootScreen,Manifest ST5-020G; fuente local registrada,PENDIENTE_DE_PRUEBA,PENDIENTE_DE_APROBACIÓN_HUMANA,F,CONDICIONAL; ticket y aprobación explícita,Mezcla de cámara/estilo o semántica del consumidor original
lia_world5_attend_neutral_v01.webp,public/assets/gvo/current-used/world-5-root/lia/lia_world5_attend_neutral_v01.webp,BFD5C5E3EB4DE9B9A908C6DAA7730EA9005AF912ABB58CE735C81DDCAA451316,1536×1536,yes,World5RootScreen,Manifest ST5-020G; fuente local registrada,PENDIENTE_DE_PRUEBA,PENDIENTE_DE_APROBACIÓN_HUMANA,F,CONDICIONAL; ticket y aprobación explícita,Mezcla de cámara/estilo o semántica del consumidor original
world1_root_background_base_approved_v1.png,public/assets/gvo/current-used/world-1-root/background/world1_root_background_base_approved_v1.png,E22E5D7E7ECBEAA03B820FC94E70B7F31903F666E6FD29CAE20AC5C4F198526E,941×1672,no,World1RootScreen,Manifest W1; fuente local Downloads/MUNDO1,SÍ COMO FUENTE DE REFERENCIA; NO COMO PROMOCIÓN AUTOMÁTICA,REFERENCIA ÚNICAMENTE,B,NO para binario; generar asset específico del Mirador,Copiar literalmente o duplicar un binario de otro mundo
world1_root_young_plant_approved_v1.png,public/assets/gvo/current-used/world-1-root/plant/world1_root_young_plant_approved_v1.png,DCA068C4BF01DAA907B98EAB6A64C7810C4B87E479B10CBB133CDA5492C6D10A,798×987,yes,World1RootScreen,Manifest W1; fuente local Downloads/MUNDO1,SÍ COMO FUENTE DE REFERENCIA; NO COMO PROMOCIÓN AUTOMÁTICA,REFERENCIA ÚNICAMENTE,B,NO para binario; generar asset específico del Mirador,Copiar literalmente o duplicar un binario de otro mundo
world1_root_roots_base_approved_v1.png,public/assets/gvo/current-used/world-1-root/roots/world1_root_roots_base_approved_v1.png,FB47E049D43CE1FA0354FF9133E4F873B1095117496768B30168C9AA07E0F662,941×1672,yes,World1RootScreen,Manifest W1; fuente local Downloads/MUNDO1,SÍ COMO FUENTE DE REFERENCIA; NO COMO PROMOCIÓN AUTOMÁTICA,REFERENCIA ÚNICAMENTE,B,NO para binario; generar asset específico del Mirador,Copiar literalmente o duplicar un binario de otro mundo
world1_root_node_state_kit_approved_v1.png,public/assets/gvo/current-used/world-1-root/nodes/world1_root_node_state_kit_approved_v1.png,7685D15AD22EE87419201579610E70CECF4971D52793C27895BB16EA4380410C,941×1672,yes,World1RootScreen,Manifest W1; fuente local Downloads/MUNDO1,SÍ COMO FUENTE DE REFERENCIA; NO COMO PROMOCIÓN AUTOMÁTICA,REFERENCIA ÚNICAMENTE,B,NO para binario; generar asset específico del Mirador,Copiar literalmente o duplicar un binario de otro mundo
world2_main_living_plant_v01.png,public/assets/gvo/current-used/world-2-root/plant/world2_main_living_plant_v01.png,1BF0B6DF13162407AC6DA1CF2895D5E3DEDB08B78BAE62F9154425DE9F7F178F,1400×2200,yes,world2RuntimeAssets/World2RootScreen,Copiado desde Descargas según README; path/licencia exactos NO DOCUMENTADOS,SÍ COMO FUENTE DE REFERENCIA; NO COMO PROMOCIÓN AUTOMÁTICA,REFERENCIA ÚNICAMENTE,B,NO para binario; generar asset específico del Mirador,Copiar literalmente o duplicar un binario de otro mundo
world2_raw_bioelectric_waveform_v01.png,public/assets/gvo/current-used/world-2-root/signal/world2_raw_bioelectric_waveform_v01.png,9403CD167B62FDD5E40D522743EF73D5312709F6C0D16808809D1D3EB057E617,1600×900,yes,world2RuntimeAssets/World2RootScreen,Copiado desde Descargas según README; path/licencia exactos NO DOCUMENTADOS,SÍ COMO FUENTE DE REFERENCIA; NO COMO PROMOCIÓN AUTOMÁTICA,REFERENCIA ÚNICAMENTE,B,NO para binario; generar asset específico del Mirador,Copiar literalmente o duplicar un binario de otro mundo
world2_signal_mapping_constellation_v01.png,public/assets/gvo/current-used/world-2-root/route/world2_signal_mapping_constellation_v01.png,3B42DEDCAF495B6F06D347FD4321D5E92CB07865D8C7EB820039E68A5CC47B7F,1400×1400,yes,world2RuntimeAssets/World2RootScreen,Copiado desde Descargas según README; path/licencia exactos NO DOCUMENTADOS,SÍ COMO FUENTE DE REFERENCIA; NO COMO PROMOCIÓN AUTOMÁTICA,REFERENCIA ÚNICAMENTE,B,NO para binario; generar asset específico del Mirador,Copiar literalmente o duplicar un binario de otro mundo
world2_pulse_core_node_v01.png,public/assets/gvo/current-used/world-2-root/signal/world2_pulse_core_node_v01.png,ABA5E43C27271DBE48C939AA5E26E64BF3EBD39F5F06E85B0FB11EB9B0E8B64C,1024×1024,yes,world2RuntimeAssets/World2RootScreen,Copiado desde Descargas según README; path/licencia exactos NO DOCUMENTADOS,SÍ COMO FUENTE DE REFERENCIA; NO COMO PROMOCIÓN AUTOMÁTICA,REFERENCIA ÚNICAMENTE,B,NO para binario; generar asset específico del Mirador,Copiar literalmente o duplicar un binario de otro mundo
world3_notebook_open_base_v01.png,public/assets/gvo/current-used/world-3-root/notebook/world3_notebook_open_base_v01.png,3ABF81F4772302CB7A38B9C428C104951E35D087FF1F5989C55468DDEC31D0F3,1536×1024,yes,World3RootScreen,W3 runtime aprobado; licencia específica NO DOCUMENTADA,SÍ COMO FUENTE DE REFERENCIA; NO COMO PROMOCIÓN AUTOMÁTICA,REFERENCIA ÚNICAMENTE,B,NO para binario; generar asset específico del Mirador,Copiar literalmente o duplicar un binario de otro mundo
world3_record_plant_v01.png,public/assets/gvo/current-used/world-3-root/records/world3_record_plant_v01.png,912236E758425A5056A542D4F8EDE7A71CE5A4952222B54AA1F716513F680E0C,1024×1024,yes,World3RootScreen,W3 runtime aprobado; licencia específica NO DOCUMENTADA,SÍ COMO FUENTE DE REFERENCIA; NO COMO PROMOCIÓN AUTOMÁTICA,REFERENCIA ÚNICAMENTE,B,NO para binario; generar asset específico del Mirador,Copiar literalmente o duplicar un binario de otro mundo
world3_record_signal_device_v01.png,public/assets/gvo/current-used/world-3-root/records/world3_record_signal_device_v01.png,753E27F49AFD5187A8EF4A0FCB9FB5576B3E49AF049FB9FF8EA7045B41469EDA,1024×768,yes,SignalTraceDisplay/World3RootScreen,W3 runtime aprobado; licencia específica NO DOCUMENTADA,SÍ COMO FUENTE DE REFERENCIA; NO COMO PROMOCIÓN AUTOMÁTICA,REFERENCIA ÚNICAMENTE,B,NO para binario; generar asset específico del Mirador,Copiar literalmente o duplicar un binario de otro mundo
world3_index_notebook_marks_sheet_v01.png,public/assets/gvo/current-used/world-3-root/index/world3_index_notebook_marks_sheet_v01.png,5B3D1E3631DA7454F765D7524A7479272A59E45B15109A895CBA8B5C4E3ED358,1024×512,yes,World3IndexNotebookMarks,W3 runtime aprobado; licencia específica NO DOCUMENTADA,SÍ COMO FUENTE DE REFERENCIA; NO COMO PROMOCIÓN AUTOMÁTICA,REFERENCIA ÚNICAMENTE,B,NO para binario; generar asset específico del Mirador,Copiar literalmente o duplicar un binario de otro mundo
world4_environment_base_v01.webp,public/assets/gvo/current-used/world-4-root/environment/world4_environment_base_v01.webp,3EA217DD2CD32A60B975AAAC004A0939722B964043824C2831BB077150177B5F,1536×1536,no,World4Stage,W4 runtime HUMAN_APPROVED; licencia específica NO DOCUMENTADA,SÍ COMO FUENTE DE REFERENCIA; NO COMO PROMOCIÓN AUTOMÁTICA,REFERENCIA ÚNICAMENTE,B,NO para binario; generar asset específico del Mirador,Copiar literalmente o duplicar un binario de otro mundo
world4_table_top_v01.png,public/assets/gvo/current-used/world-4-root/table/world4_table_top_v01.png,414D3DBF394ACC4C6649C46B6703400B8419E0EB912BA12ADAD36B56E9B74282,1536×1024,yes,World4Stage,W4 runtime HUMAN_APPROVED; licencia específica NO DOCUMENTADA,SÍ COMO FUENTE DE REFERENCIA; NO COMO PROMOCIÓN AUTOMÁTICA,REFERENCIA ÚNICAMENTE,B,NO para binario; generar asset específico del Mirador,Copiar literalmente o duplicar un binario de otro mundo
world4_system_route_base_v01.png,public/assets/gvo/current-used/world-4-root/route/world4_system_route_base_v01.png,111B8855F3FFE68BE5EE27DB16317C26C389012BAA1E36B5E8202863151460AB,1536×1024,yes,World4Stage,W4 runtime HUMAN_APPROVED; licencia específica NO DOCUMENTADA,SÍ COMO FUENTE DE REFERENCIA; NO COMO PROMOCIÓN AUTOMÁTICA,REFERENCIA ÚNICAMENTE,B,NO para binario; generar asset específico del Mirador,Copiar literalmente o duplicar un binario de otro mundo
world4_node_central_system_v01.png,public/assets/gvo/current-used/world-4-root/objects/world4_node_central_system_v01.png,069DDCF6DCA26053C067D649D8794A19C06D21307C0E725D2FE71AFF4DFF2EAA,1024×1024,yes,World4NodeStack,W4 runtime HUMAN_APPROVED; licencia específica NO DOCUMENTADA,SÍ COMO FUENTE DE REFERENCIA; NO COMO PROMOCIÓN AUTOMÁTICA,REFERENCIA ÚNICAMENTE,B,NO para binario; generar asset específico del Mirador,Copiar literalmente o duplicar un binario de otro mundo
world5_map_environment_portrait_v01.webp,public/assets/gvo/current-used/world-5-root/world5_map_environment_portrait_v01.webp,4EA310071C8D7D6CAEBAFBF2D245DF20F8F36603D0BF61E62EBCAD5FCD3546A0,1440×2560,no,world5RuntimeAssets/World5RootScreen,Manifest ST5-020G; fuente local registrada,SÍ COMO FUENTE DE REFERENCIA; NO COMO PROMOCIÓN AUTOMÁTICA,REFERENCIA ÚNICAMENTE,B,NO para binario; generar asset específico del Mirador,Copiar literalmente o duplicar un binario de otro mundo
world5_map_environment_landscape_v01.webp,public/assets/gvo/current-used/world-5-root/world5_map_environment_landscape_v01.webp,7EB9261B1ED1CE01B6ABAE302FA020A99DBFE2B5BA0F30A493E665F6753D938C,2560×1440,no,world5RuntimeAssets/World5RootScreen,Manifest ST5-020G; fuente local registrada,SÍ COMO FUENTE DE REFERENCIA; NO COMO PROMOCIÓN AUTOMÁTICA,REFERENCIA ÚNICAMENTE,B,NO para binario; generar asset específico del Mirador,Copiar literalmente o duplicar un binario de otro mundo
world5_map_sector_plants_v01.webp,public/assets/gvo/current-used/world-5-root/world5_map_sector_plants_v01.webp,6694571EF217B853C8A76E027F99988133315538E7A286721210BDD4D0E0A530,1536×1536,yes,world5RuntimeAssets/World5RootScreen,Manifest ST5-020G; fuente local registrada,SÍ COMO FUENTE DE REFERENCIA; NO COMO PROMOCIÓN AUTOMÁTICA,REFERENCIA ÚNICAMENTE,B,NO para binario; generar asset específico del Mirador,Copiar literalmente o duplicar un binario de otro mundo
world5_map_sector_system_v01.webp,public/assets/gvo/current-used/world-5-root/world5_map_sector_system_v01.webp,B1534F1E43D248A30283E0FA3A94C383F9012B1F146B329EB6F446F743805C20,1536×1536,yes,world5RuntimeAssets/World5RootScreen,Manifest ST5-020G; fuente local registrada,SÍ COMO FUENTE DE REFERENCIA; NO COMO PROMOCIÓN AUTOMÁTICA,REFERENCIA ÚNICAMENTE,B,NO para binario; generar asset específico del Mirador,Copiar literalmente o duplicar un binario de otro mundo
world2_dialogue_panel_backplate_v01.png,public/assets/gvo/current-used/world-2-root/dialogue/world2_dialogue_panel_backplate_v01.png,F6373B121E65B758FB64950A19D1B0D1531D48BA6A8FBD71272ACDA95902EB7D,1400×700,yes,World2RootScreen,W2 runtime; licencia específica NO DOCUMENTADA,SÍ COMO FUENTE DE REFERENCIA; NO COMO PROMOCIÓN AUTOMÁTICA,REFERENCIA ÚNICAMENTE,B,NO para binario; generar asset específico del Mirador,Copiar literalmente o duplicar un binario de otro mundo
world2_dialogue_card_mobile_safe_v01.png,public/assets/gvo/current-used/world-2-root/dialogue/world2_dialogue_card_mobile_safe_v01.png,31C8CD26AC29F7D555DEDFCD1F552D7B87B63757BEA05F716B263DC997487550,1400×700,yes,World2RootScreen,W2 runtime; licencia específica NO DOCUMENTADA,SÍ COMO FUENTE DE REFERENCIA; NO COMO PROMOCIÓN AUTOMÁTICA,REFERENCIA ÚNICAMENTE,B,NO para binario; generar asset específico del Mirador,Copiar literalmente o duplicar un binario de otro mundo
world4_text_card_backplate_v01.png,public/assets/gvo/current-used/world-4-root/ui/world4_text_card_backplate_v01.png,671C85418875F6AE70EA29D5E7D1AFDA4E3A761795949C0772BE9F974D480324,1536×512,yes,World4RootScreen,W4 runtime HUMAN_APPROVED; licencia específica NO DOCUMENTADA,PENDIENTE_DE_PRUEBA,PENDIENTE_DE_APROBACIÓN_HUMANA,F,CONDICIONAL; ticket y aprobación explícita,Mezcla de cámara/estilo o semántica del consumidor original
world4_open_world5_button_backplate_v01.png,public/assets/gvo/current-used/world-4-root/ui/world4_open_world5_button_backplate_v01.png,BA8F1C704892A7DE229564340BCAD08CABF80946337A5458933ECFEC70ACA875,1024×512,yes,World4RootScreen,W4 runtime HUMAN_APPROVED; licencia específica NO DOCUMENTADA,PENDIENTE_DE_PRUEBA,PENDIENTE_DE_APROBACIÓN_HUMANA,F,CONDICIONAL; ticket y aprobación explícita,Mezcla de cámara/estilo o semántica del consumidor original
