slot_id,pantalla_estacion,estado,emisor_sugerido,tipo_texto,asset_primary,asset_secondary,asset_role,visual_status,atlas_note
CARGA_TITLE_01,Carga inicial,carga_idle,Sistema / ambiente,Título,gvo_atlas_006b_001_carga_actual.png,gvo_atlas_006c_201_ref_carga_inicial.png,estado_especifico,cubierto,Imagen representativa compartida por patrón visual o estado.
CARGA_SUB_01,Carga inicial,carga_progress,Sistema / ambiente,Subtítulo de espera,gvo_atlas_006b_001_carga_actual.png,gvo_atlas_006c_201_ref_carga_inicial.png,estado_especifico,cubierto,Imagen representativa compartida por patrón visual o estado.
CARGA_ACCESSIBLE_01,Carga inicial,carga_accessibility,Sistema / accesibilidad,Descripción accesible,gvo_atlas_006b_001_carga_actual.png,gvo_atlas_006c_201_ref_carga_inicial.png,estado_especifico,cubierto,Imagen representativa compartida por patrón visual o estado.
PORTADA_TITLE_01,Portada,portada_idle,Sistema / interfaz,Título fijo,gvo_atlas_006b_002_portada_inicio_actual.png,gvo_atlas_006c_202_ref_portada_archivo_vivo.png,estado_especifico,cubierto,Imagen representativa compartida por patrón visual o estado.
PORTADA_CTA_START_01,Portada,portada_idle,Sistema / interfaz,Botón,gvo_atlas_006b_002_portada_inicio_actual.png,gvo_atlas_006c_202_ref_portada_archivo_vivo.png,estado_especifico,cubierto,Imagen representativa compartida por patrón visual o estado.
PORTADA_LIA_INTRO_01,Portada,intro_dialogue_active,Lía,Diálogo principal,gvo_atlas_006b_003_portada_dialogo_01_actual.png,gvo_atlas_006c_202_ref_portada_archivo_vivo.png,estado_especifico,cubierto,Imagen representativa compartida por patrón visual o estado.
PORTADA_LIA_INTRO_02,Portada,intro_dialogue_active,Lía,Diálogo principal,gvo_atlas_006b_003_portada_dialogo_01_actual.png,gvo_atlas_006c_202_ref_portada_archivo_vivo.png,estado_especifico,cubierto,Imagen representativa compartida por patrón visual o estado.
PORTADA_LIA_INTRO_03,Portada,intro_dialogue_active,Lía,Diálogo principal,gvo_atlas_006b_003_portada_dialogo_01_actual.png,gvo_atlas_006c_202_ref_portada_archivo_vivo.png,estado_especifico,cubierto,Imagen representativa compartida por patrón visual o estado.
PORTADA_LIA_INTRO_04,Portada,intro_dialogue_active,Lía,Diálogo principal,gvo_atlas_006b_003_portada_dialogo_01_actual.png,gvo_atlas_006c_202_ref_portada_archivo_vivo.png,estado_especifico,cubierto,Imagen representativa compartida por patrón visual o estado.
PORTADA_LIA_INTRO_05,Portada,intro_dialogue_active,Lía,Diálogo principal,gvo_atlas_006b_004_portada_dialogo_05_actual.png,gvo_atlas_006c_202_ref_portada_archivo_vivo.png,estado_especifico,cubierto,Imagen representativa compartida por patrón visual o estado.
PORTADA_LOCKED_II_01,Portada,portal_blocked,Lía o sistema,Bloqueo suave,gvo_atlas_006b_005_portada_portal_bloqueado_actual.png,gvo_atlas_006c_202_ref_portada_archivo_vivo.png,estado_especifico,cubierto,Imagen representativa compartida por patrón visual o estado.
PORTADA_LOCKED_III_01,Portada,portal_blocked,Lía o sistema,Bloqueo suave,gvo_atlas_006b_005_portada_portal_bloqueado_actual.png,gvo_atlas_006c_202_ref_portada_archivo_vivo.png,estado_especifico,cubierto,Imagen representativa compartida por patrón visual o estado.
PORTADA_LOCKED_IV_01,Portada,portal_blocked,Lía o sistema,Bloqueo suave,gvo_atlas_006b_005_portada_portal_bloqueado_actual.png,gvo_atlas_006c_202_ref_portada_archivo_vivo.png,estado_especifico,cubierto,Imagen representativa compartida por patrón visual o estado.
PORTADA_LOCKED_V_01,Portada,portal_blocked,Lía o sistema,Bloqueo suave,gvo_atlas_006b_005_portada_portal_bloqueado_actual.png,gvo_atlas_006c_202_ref_portada_archivo_vivo.png,estado_especifico,cubierto,Imagen representativa compartida por patrón visual o estado.
PORTADA_PORTAL_I_READY_01,Portada,portal_1_ready,Lía,Confirmación,gvo_atlas_006b_004_portada_dialogo_05_actual.png,gvo_atlas_006c_202_ref_portada_archivo_vivo.png,estado_especifico,cubierto,Imagen representativa compartida por patrón visual o estado.
PORTADA_FREE_REVIEW_HELP_01,Portada,free_review_mode,Sistema / Lía,Ayuda breve,gvo_atlas_006b_002_portada_inicio_actual.png,gvo_atlas_006c_202_ref_portada_archivo_vivo.png,estado_especifico,cubierto,Imagen representativa compartida por patrón visual o estado.
TRANS_INTRO_W1_TITLE_01,Transición entre mundos,Intro → Mundo I,Sistema / ambiente,Texto principal,gvo_atlas_006b_006_transicion_mundo_i_actual.png,gvo_atlas_006c_203_ref_transicion_entre_mundos.png,estado_especifico,cubierto,Imagen representativa compartida por patrón visual o estado.
TRANS_INTRO_W1_SUB_01,Transición entre mundos,Intro → Mundo I,Sistema / ambiente,Texto secundario,gvo_atlas_006b_006_transicion_mundo_i_actual.png,gvo_atlas_006c_203_ref_transicion_entre_mundos.png,estado_especifico,cubierto,Imagen representativa compartida por patrón visual o estado.
TRANS_W1_W2_TITLE_01,Transición entre mundos,Mundo I → Mundo II,Sistema / ambiente,Texto principal,gvo_atlas_006b_103_transicion_generica_entre_mundos_mockup.png,gvo_atlas_006c_203_ref_transicion_entre_mundos.png,patron_visual,cubierto_con_mockup,Mockup genérico aprobado para transiciones posteriores aún no capturadas en runtime.
TRANS_W1_W2_SUB_01,Transición entre mundos,Mundo I → Mundo II,Sistema / ambiente,Texto secundario,gvo_atlas_006b_103_transicion_generica_entre_mundos_mockup.png,gvo_atlas_006c_203_ref_transicion_entre_mundos.png,patron_visual,cubierto_con_mockup,Mockup genérico aprobado para transiciones posteriores aún no capturadas en runtime.
TRANS_W2_W3_TITLE_01,Transición entre mundos,Mundo II → Mundo III,Sistema / ambiente,Texto principal,gvo_atlas_006b_103_transicion_generica_entre_mundos_mockup.png,gvo_atlas_006c_203_ref_transicion_entre_mundos.png,patron_visual,cubierto_con_mockup,Mockup genérico aprobado para transiciones posteriores aún no capturadas en runtime.
TRANS_W2_W3_SUB_01,Transición entre mundos,Mundo II → Mundo III,Sistema / ambiente,Texto secundario,gvo_atlas_006b_103_transicion_generica_entre_mundos_mockup.png,gvo_atlas_006c_203_ref_transicion_entre_mundos.png,patron_visual,cubierto_con_mockup,Mockup genérico aprobado para transiciones posteriores aún no capturadas en runtime.
TRANS_W3_W4_TITLE_01,Transición entre mundos,Mundo III → Mundo IV,Sistema / ambiente,Texto principal,gvo_atlas_006b_103_transicion_generica_entre_mundos_mockup.png,gvo_atlas_006c_203_ref_transicion_entre_mundos.png,patron_visual,cubierto_con_mockup,Mockup genérico aprobado para transiciones posteriores aún no capturadas en runtime.
TRANS_W3_W4_SUB_01,Transición entre mundos,Mundo III → Mundo IV,Sistema / ambiente,Texto secundario,gvo_atlas_006b_103_transicion_generica_entre_mundos_mockup.png,gvo_atlas_006c_203_ref_transicion_entre_mundos.png,patron_visual,cubierto_con_mockup,Mockup genérico aprobado para transiciones posteriores aún no capturadas en runtime.
TRANS_W4_W5_TITLE_01,Transición entre mundos,Mundo IV → Mundo V,Sistema / ambiente,Texto principal,gvo_atlas_006b_103_transicion_generica_entre_mundos_mockup.png,gvo_atlas_006c_203_ref_transicion_entre_mundos.png,patron_visual,cubierto_con_mockup,Mockup genérico aprobado para transiciones posteriores aún no capturadas en runtime.
TRANS_W4_W5_SUB_01,Transición entre mundos,Mundo IV → Mundo V,Sistema / ambiente,Texto secundario,gvo_atlas_006b_103_transicion_generica_entre_mundos_mockup.png,gvo_atlas_006c_203_ref_transicion_entre_mundos.png,patron_visual,cubierto_con_mockup,Mockup genérico aprobado para transiciones posteriores aún no capturadas en runtime.
TRANS_W5_FINAL_TITLE_01,Transición entre mundos,Mundo V → Final,Sistema / ambiente,Texto principal,gvo_atlas_006b_103_transicion_generica_entre_mundos_mockup.png,gvo_atlas_006c_203_ref_transicion_entre_mundos.png,patron_visual,cubierto_con_mockup,Mockup genérico aprobado para transiciones posteriores aún no capturadas en runtime.
TRANS_W5_FINAL_SUB_01,Transición entre mundos,Mundo V → Final,Sistema / ambiente,Texto secundario,gvo_atlas_006b_103_transicion_generica_entre_mundos_mockup.png,gvo_atlas_006c_203_ref_transicion_entre_mundos.png,patron_visual,cubierto_con_mockup,Mockup genérico aprobado para transiciones posteriores aún no capturadas en runtime.
W1_INTRO_LIA_01,Estación I — Mundo Raíz,w1_intro,Lía,Entrada,gvo_atlas_006b_007_mundo_i_intro_actual.png,gvo_atlas_006c_204_ref_estacion_i_mundo_raiz.png,estado_especifico,cubierto,Imagen representativa compartida por patrón visual o estado.
W1_INTRO_AMB_01,Estación I — Mundo Raíz,w1_intro,Ambiente,Texto ambiental,gvo_atlas_006b_007_mundo_i_intro_actual.png,gvo_atlas_006c_204_ref_estacion_i_mundo_raiz.png,estado_especifico,cubierto,Imagen representativa compartida por patrón visual o estado.
W1_RELACION_HINT_01,Estación I — Mundo Raíz,w1_relacion_available,Lía,Instrucción contextual,gvo_atlas_006b_007_mundo_i_intro_actual.png,gvo_atlas_006c_204_ref_estacion_i_mundo_raiz.png,estado_especifico,cubierto,Imagen representativa compartida por patrón visual o estado.
W1_RELACION_AMB_01,Estación I — Mundo Raíz,w1_relacion_active,Ambiente,Respuesta ambiental,gvo_atlas_006b_008_mundo_i_relacion_actual.png,gvo_atlas_006c_204_ref_estacion_i_mundo_raiz.png,estado_especifico,cubierto,Imagen representativa compartida por patrón visual o estado.
W1_RELACION_CONFIRM_01,Estación I — Mundo Raíz,w1_relacion_active,Lía,Confirmación breve,gvo_atlas_006b_008_mundo_i_relacion_actual.png,gvo_atlas_006c_204_ref_estacion_i_mundo_raiz.png,estado_especifico,cubierto,Imagen representativa compartida por patrón visual o estado.
W1_PERCEPCION_HINT_01,Estación I — Mundo Raíz,w1_percepcion_available,Lía,Instrucción contextual,gvo_atlas_006b_008_mundo_i_relacion_actual.png,gvo_atlas_006c_204_ref_estacion_i_mundo_raiz.png,estado_especifico,cubierto,Imagen representativa compartida por patrón visual o estado.
W1_PERCEPCION_AMB_01,Estación I — Mundo Raíz,w1_percepcion_active,Ambiente,Respuesta ambiental,gvo_atlas_006b_009_mundo_i_percepcion_actual.png,gvo_atlas_006c_204_ref_estacion_i_mundo_raiz.png,estado_especifico,cubierto,Imagen representativa compartida por patrón visual o estado.
W1_PERCEPCION_CONFIRM_01,Estación I — Mundo Raíz,w1_percepcion_active,Lía,Confirmación breve,gvo_atlas_006b_009_mundo_i_percepcion_actual.png,gvo_atlas_006c_204_ref_estacion_i_mundo_raiz.png,estado_especifico,cubierto,Imagen representativa compartida por patrón visual o estado.
W1_MEDIACION_HINT_01,Estación I — Mundo Raíz,w1_mediacion_available,Lía,Instrucción contextual,gvo_atlas_006b_009_mundo_i_percepcion_actual.png,gvo_atlas_006c_204_ref_estacion_i_mundo_raiz.png,estado_especifico,cubierto,Imagen representativa compartida por patrón visual o estado.
W1_MEDIACION_AMB_01,Estación I — Mundo Raíz,w1_mediacion_active,Ambiente,Respuesta ambiental,gvo_atlas_006b_010_mundo_i_mediacion_actual.png,gvo_atlas_006c_204_ref_estacion_i_mundo_raiz.png,estado_especifico,cubierto,Imagen representativa compartida por patrón visual o estado.
W1_MEDIACION_CONFIRM_01,Estación I — Mundo Raíz,w1_mediacion_active,Lía,Confirmación breve,gvo_atlas_006b_010_mundo_i_mediacion_actual.png,gvo_atlas_006c_204_ref_estacion_i_mundo_raiz.png,estado_especifico,cubierto,Imagen representativa compartida por patrón visual o estado.
W1_NODE_LOCKED_01,Estación I — Mundo Raíz,w1_node_locked,Lía o sistema,Bloqueo suave,gvo_atlas_006b_101_mundo_i_bloqueo_suave_mockup.png,gvo_atlas_006b_012_mundo_i_bloqueo_actual.png,patron_visual,cubierto_con_mockup,Imagen representativa compartida por patrón visual o estado.
W1_NODE_REPEAT_01,Estación I — Mundo Raíz,w1_node_locked,Lía o sistema,Relectura / repetición,gvo_atlas_006b_101_mundo_i_bloqueo_suave_mockup.png,gvo_atlas_006b_012_mundo_i_bloqueo_actual.png,patron_visual,cubierto_con_mockup,Imagen representativa compartida por patrón visual o estado.
W1_COMPLETE_LIA_01,Estación I — Mundo Raíz,w1_complete,Lía,Cierre,gvo_atlas_006b_102_mundo_i_cierre_esperado_mockup.png,gvo_atlas_006b_011_mundo_i_listo_actual.png,patron_visual,cubierto_con_mockup,Imagen representativa compartida por patrón visual o estado.
W1_COMPLETE_AMB_01,Estación I — Mundo Raíz,w1_complete,Ambiente,Cierre ambiental,gvo_atlas_006b_102_mundo_i_cierre_esperado_mockup.png,gvo_atlas_006b_011_mundo_i_listo_actual.png,patron_visual,cubierto_con_mockup,Imagen representativa compartida por patrón visual o estado.
W1_CONTINUE_BTN_01,Estación I — Mundo Raíz,w1_complete,Sistema / interfaz,Botón,gvo_atlas_006b_102_mundo_i_cierre_esperado_mockup.png,gvo_atlas_006b_011_mundo_i_listo_actual.png,patron_visual,cubierto_con_mockup,Imagen representativa compartida por patrón visual o estado.
W1_ACCESSIBLE_SCENE_01,Estación I — Mundo Raíz,w1_intro,Sistema / accesibilidad,Descripción accesible,gvo_atlas_006b_007_mundo_i_intro_actual.png,gvo_atlas_006c_204_ref_estacion_i_mundo_raiz.png,estado_especifico,cubierto,Imagen representativa compartida por patrón visual o estado.
W1_ACCESSIBLE_RELACION_01,Estación I — Mundo Raíz,w1_relacion_active,Sistema / accesibilidad,Descripción accesible,gvo_atlas_006b_008_mundo_i_relacion_actual.png,gvo_atlas_006c_204_ref_estacion_i_mundo_raiz.png,estado_especifico,cubierto,Imagen representativa compartida por patrón visual o estado.
W1_ACCESSIBLE_PERCEPCION_01,Estación I — Mundo Raíz,w1_percepcion_active,Sistema / accesibilidad,Descripción accesible,gvo_atlas_006b_009_mundo_i_percepcion_actual.png,gvo_atlas_006c_204_ref_estacion_i_mundo_raiz.png,estado_especifico,cubierto,Imagen representativa compartida por patrón visual o estado.
W1_ACCESSIBLE_MEDIACION_01,Estación I — Mundo Raíz,w1_mediacion_active,Sistema / accesibilidad,Descripción accesible,gvo_atlas_006b_010_mundo_i_mediacion_actual.png,gvo_atlas_006c_204_ref_estacion_i_mundo_raiz.png,estado_especifico,cubierto,Imagen representativa compartida por patrón visual o estado.
W2_INTRO_LIA_01,Estación II — Pulso invisible,w2_intro,Lía,Entrada,gvo_atlas_006b_104_mundo_ii_intro_conceptual_mockup.png,gvo_atlas_006c_205_ref_estacion_ii_pulso_invisible.png,patron_visual,cubierto_con_mockup,Mockup aprobado de introducción conceptual Mundo II. Grupo visual: w2_intro.
W2_INTRO_AMB_01,Estación II — Pulso invisible,w2_intro,Ambiente,Texto ambiental,gvo_atlas_006b_104_mundo_ii_intro_conceptual_mockup.png,gvo_atlas_006c_205_ref_estacion_ii_pulso_invisible.png,patron_visual,cubierto_con_mockup,Mockup aprobado de introducción conceptual Mundo II. Grupo visual: w2_intro.
W2_PLANTA_HINT_01,Estación II — Pulso invisible,w2_planta_available,Lía,Instrucción contextual,gvo_atlas_006d_201_mundo_ii_planta_viva_mockup.png,gvo_atlas_006c_205_ref_estacion_ii_pulso_invisible.png,estado_especifico,cubierto_con_mockup,Mockup aprobado 006D2 para planta viva. Grupo visual: w2_planta_viva.
W2_PLANTA_AMB_01,Estación II — Pulso invisible,w2_planta_active,Ambiente,Respuesta ambiental,gvo_atlas_006d_201_mundo_ii_planta_viva_mockup.png,gvo_atlas_006c_205_ref_estacion_ii_pulso_invisible.png,estado_especifico,cubierto_con_mockup,Mockup aprobado 006D2 para planta viva. Grupo visual: w2_planta_viva.
W2_PLANTA_CONFIRM_01,Estación II — Pulso invisible,w2_planta_active,Lía,Confirmación breve,gvo_atlas_006d_201_mundo_ii_planta_viva_mockup.png,gvo_atlas_006c_205_ref_estacion_ii_pulso_invisible.png,estado_especifico,cubierto_con_mockup,Mockup aprobado 006D2 para planta viva. Grupo visual: w2_planta_viva.
W2_SENAL_HINT_01,Estación II — Pulso invisible,w2_senal_available,Lía,Instrucción contextual,gvo_atlas_006b_105_mundo_ii_capa_senal_mockup.png,gvo_atlas_006c_205_ref_estacion_ii_pulso_invisible.png,estado_especifico,cubierto_con_mockup,Mockup aprobado para capa SEÑAL. Grupo visual: w2_senal.
W2_SENAL_AMB_01,Estación II — Pulso invisible,w2_senal_active,Ambiente,Respuesta ambiental,gvo_atlas_006b_105_mundo_ii_capa_senal_mockup.png,gvo_atlas_006c_205_ref_estacion_ii_pulso_invisible.png,estado_especifico,cubierto_con_mockup,Mockup aprobado para capa SEÑAL. Grupo visual: w2_senal.
W2_SENAL_CONFIRM_01,Estación II — Pulso invisible,w2_senal_active,Lía,Confirmación breve,gvo_atlas_006b_105_mundo_ii_capa_senal_mockup.png,gvo_atlas_006c_205_ref_estacion_ii_pulso_invisible.png,estado_especifico,cubierto_con_mockup,Mockup aprobado para capa SEÑAL. Grupo visual: w2_senal.
W2_CAPTURA_HINT_01,Estación II — Pulso invisible,w2_captura_available,Lía,Instrucción contextual,gvo_atlas_006d_202_mundo_ii_captura_mockup.png,gvo_atlas_006c_205_ref_estacion_ii_pulso_invisible.png,estado_especifico,cubierto_con_mockup,Mockup aprobado 006D2 para captura. Grupo visual: w2_captura.
W2_CAPTURA_AMB_01,Estación II — Pulso invisible,w2_captura_active,Ambiente,Respuesta ambiental,gvo_atlas_006d_202_mundo_ii_captura_mockup.png,gvo_atlas_006c_205_ref_estacion_ii_pulso_invisible.png,estado_especifico,cubierto_con_mockup,Mockup aprobado 006D2 para captura. Grupo visual: w2_captura.
W2_CAPTURA_CONFIRM_01,Estación II — Pulso invisible,w2_captura_active,Lía,Confirmación breve,gvo_atlas_006d_202_mundo_ii_captura_mockup.png,gvo_atlas_006c_205_ref_estacion_ii_pulso_invisible.png,estado_especifico,cubierto_con_mockup,Mockup aprobado 006D2 para captura. Grupo visual: w2_captura.
W2_ACONDICIONAMIENTO_HINT_01,Estación II — Pulso invisible,w2_acondicionamiento_available,Lía,Instrucción contextual,gvo_atlas_006d_203_mundo_ii_acondicionamiento_mockup.png,gvo_atlas_006c_205_ref_estacion_ii_pulso_invisible.png,estado_especifico,cubierto_con_mockup,Mockup aprobado 006D2 para acondicionamiento. Grupo visual: w2_acondicionamiento.
W2_ACONDICIONAMIENTO_AMB_01,Estación II — Pulso invisible,w2_acondicionamiento_active,Ambiente,Respuesta ambiental,gvo_atlas_006d_203_mundo_ii_acondicionamiento_mockup.png,gvo_atlas_006c_205_ref_estacion_ii_pulso_invisible.png,estado_especifico,cubierto_con_mockup,Mockup aprobado 006D2 para acondicionamiento. Grupo visual: w2_acondicionamiento.
W2_ACONDICIONAMIENTO_CONFIRM_01,Estación II — Pulso invisible,w2_acondicionamiento_active,Lía,Confirmación breve,gvo_atlas_006d_203_mundo_ii_acondicionamiento_mockup.png,gvo_atlas_006c_205_ref_estacion_ii_pulso_invisible.png,estado_especifico,cubierto_con_mockup,Mockup aprobado 006D2 para acondicionamiento. Grupo visual: w2_acondicionamiento.
W2_MAPEO_HINT_01,Estación II — Pulso invisible,w2_mapeo_available,Lía,Instrucción contextual,gvo_atlas_006d_204_mundo_ii_mapeo_mockup.png,gvo_atlas_006c_205_ref_estacion_ii_pulso_invisible.png,estado_especifico,cubierto_con_mockup,Mockup aprobado 006D2 para mapeo. Grupo visual: w2_mapeo.
W2_MAPEO_AMB_01,Estación II — Pulso invisible,w2_mapeo_active,Ambiente,Respuesta ambiental,gvo_atlas_006d_204_mundo_ii_mapeo_mockup.png,gvo_atlas_006c_205_ref_estacion_ii_pulso_invisible.png,estado_especifico,cubierto_con_mockup,Mockup aprobado 006D2 para mapeo. Grupo visual: w2_mapeo.
W2_MAPEO_CONFIRM_01,Estación II — Pulso invisible,w2_mapeo_active,Lía,Confirmación breve,gvo_atlas_006d_204_mundo_ii_mapeo_mockup.png,gvo_atlas_006c_205_ref_estacion_ii_pulso_invisible.png,estado_especifico,cubierto_con_mockup,Mockup aprobado 006D2 para mapeo. Grupo visual: w2_mapeo.
W2_RESULTADO_HINT_01,Estación II — Pulso invisible,w2_resultado_available,Lía,Instrucción contextual,gvo_atlas_006d_205_mundo_ii_resultado_mediado_mockup.png,gvo_atlas_006c_205_ref_estacion_ii_pulso_invisible.png,estado_especifico,cubierto_con_mockup,Mockup aprobado 006D2 para resultado mediado. Grupo visual: w2_resultado_mediado.
W2_RESULTADO_AMB_01,Estación II — Pulso invisible,w2_resultado_active,Ambiente,Respuesta ambiental,gvo_atlas_006d_205_mundo_ii_resultado_mediado_mockup.png,gvo_atlas_006c_205_ref_estacion_ii_pulso_invisible.png,estado_especifico,cubierto_con_mockup,Mockup aprobado 006D2 para resultado mediado. Grupo visual: w2_resultado_mediado.
W2_RESULTADO_CONFIRM_01,Estación II — Pulso invisible,w2_resultado_active,Lía,Confirmación breve,gvo_atlas_006d_205_mundo_ii_resultado_mediado_mockup.png,gvo_atlas_006c_205_ref_estacion_ii_pulso_invisible.png,estado_especifico,cubierto_con_mockup,Mockup aprobado 006D2 para resultado mediado. Grupo visual: w2_resultado_mediado.
W2_LAYER_LOCKED_01,Estación II — Pulso invisible,w2_layer_locked,Lía o sistema,Bloqueo suave,gvo_atlas_006d_206_mundo_ii_bloqueo_suave_mockup.png,gvo_atlas_006c_205_ref_estacion_ii_pulso_invisible.png,patron_visual,cubierto_con_mockup,Mockup aprobado 006D2 para bloqueo o repetición de capa. Grupo visual: w2_bloqueo_suave.
W2_LAYER_REPEAT_01,Estación II — Pulso invisible,w2_layer_locked,Lía o sistema,Relectura / repetición,gvo_atlas_006d_206_mundo_ii_bloqueo_suave_mockup.png,gvo_atlas_006c_205_ref_estacion_ii_pulso_invisible.png,patron_visual,cubierto_con_mockup,Mockup aprobado 006D2 para bloqueo o repetición de capa. Grupo visual: w2_bloqueo_suave.
W2_COMPLETE_LIA_01,Estación II — Pulso invisible,w2_complete,Lía,Cierre,gvo_atlas_006d_207_mundo_ii_cierre_esperado_mockup.png,gvo_atlas_006c_205_ref_estacion_ii_pulso_invisible.png,patron_visual,cubierto_con_mockup,Mockup aprobado 006D2 para cierre y continuar. Grupo visual: w2_cierre_esperado.
W2_COMPLETE_AMB_01,Estación II — Pulso invisible,w2_complete,Ambiente,Cierre ambiental,gvo_atlas_006d_207_mundo_ii_cierre_esperado_mockup.png,gvo_atlas_006c_205_ref_estacion_ii_pulso_invisible.png,patron_visual,cubierto_con_mockup,Mockup aprobado 006D2 para cierre y continuar. Grupo visual: w2_cierre_esperado.
W2_CONTINUE_BTN_01,Estación II — Pulso invisible,w2_complete,Sistema / interfaz,Botón,gvo_atlas_006d_207_mundo_ii_cierre_esperado_mockup.png,gvo_atlas_006c_205_ref_estacion_ii_pulso_invisible.png,patron_visual,cubierto_con_mockup,Mockup aprobado 006D2 para cierre y continuar. Grupo visual: w2_cierre_esperado.
W2_ACCESSIBLE_SCENE_01,Estación II — Pulso invisible,w2_intro,Sistema / accesibilidad,Descripción accesible,gvo_atlas_006b_104_mundo_ii_intro_conceptual_mockup.png,gvo_atlas_006c_205_ref_estacion_ii_pulso_invisible.png,patron_visual,cubierto_con_mockup,Mockup aprobado de introducción conceptual Mundo II. Grupo visual: w2_intro.
W2_ACCESSIBLE_PLANTA_01,Estación II — Pulso invisible,w2_planta_active,Sistema / accesibilidad,Descripción accesible,gvo_atlas_006d_201_mundo_ii_planta_viva_mockup.png,gvo_atlas_006c_205_ref_estacion_ii_pulso_invisible.png,estado_especifico,cubierto_con_mockup,Mockup aprobado 006D2 para planta viva. Grupo visual: w2_planta_viva.
W2_ACCESSIBLE_SENAL_01,Estación II — Pulso invisible,w2_senal_active,Sistema / accesibilidad,Descripción accesible,gvo_atlas_006b_105_mundo_ii_capa_senal_mockup.png,gvo_atlas_006c_205_ref_estacion_ii_pulso_invisible.png,estado_especifico,cubierto_con_mockup,Mockup aprobado para capa SEÑAL. Grupo visual: w2_senal.
W2_ACCESSIBLE_CAPTURA_01,Estación II — Pulso invisible,w2_captura_active,Sistema / accesibilidad,Descripción accesible,gvo_atlas_006d_202_mundo_ii_captura_mockup.png,gvo_atlas_006c_205_ref_estacion_ii_pulso_invisible.png,estado_especifico,cubierto_con_mockup,Mockup aprobado 006D2 para captura. Grupo visual: w2_captura.
W2_ACCESSIBLE_ACONDICIONAMIENTO_01,Estación II — Pulso invisible,w2_acondicionamiento_active,Sistema / accesibilidad,Descripción accesible,gvo_atlas_006d_203_mundo_ii_acondicionamiento_mockup.png,gvo_atlas_006c_205_ref_estacion_ii_pulso_invisible.png,estado_especifico,cubierto_con_mockup,Mockup aprobado 006D2 para acondicionamiento. Grupo visual: w2_acondicionamiento.
W2_ACCESSIBLE_MAPEO_01,Estación II — Pulso invisible,w2_mapeo_active,Sistema / accesibilidad,Descripción accesible,gvo_atlas_006d_204_mundo_ii_mapeo_mockup.png,gvo_atlas_006c_205_ref_estacion_ii_pulso_invisible.png,estado_especifico,cubierto_con_mockup,Mockup aprobado 006D2 para mapeo. Grupo visual: w2_mapeo.
W2_ACCESSIBLE_RESULTADO_01,Estación II — Pulso invisible,w2_resultado_active,Sistema / accesibilidad,Descripción accesible,gvo_atlas_006d_205_mundo_ii_resultado_mediado_mockup.png,gvo_atlas_006c_205_ref_estacion_ii_pulso_invisible.png,estado_especifico,cubierto_con_mockup,Mockup aprobado 006D2 para resultado mediado. Grupo visual: w2_resultado_mediado.
W3_INTRO_LIA_01,Estación III — Cuaderno Pixel,w3_intro,Lía,Entrada,gvo_atlas_006c_206_ref_estacion_iii_cuaderno_pixel.png,,referencia_base,cubierto_con_referencia,Referencia base suficiente para introducción conceptual.
W3_INTRO_AMB_01,Estación III — Cuaderno Pixel,w3_intro,Ambiente,Texto ambiental,gvo_atlas_006c_206_ref_estacion_iii_cuaderno_pixel.png,,referencia_base,cubierto_con_referencia,Referencia base suficiente para introducción conceptual.
W3_PLANTA_HINT_01,Estación III — Cuaderno Pixel,w3_planta_available,Lía,Instrucción contextual,gvo_atlas_006c_206_ref_estacion_iii_cuaderno_pixel.png,,referencia_base,pendiente_mockup,Referencia base temporal; requiere mockup o captura específica posterior.
W3_PLANTA_NOTE_01,Estación III — Cuaderno Pixel,w3_planta_active,Cuaderno / ambiente,Nota de bitácora,gvo_atlas_006c_206_ref_estacion_iii_cuaderno_pixel.png,,referencia_base,pendiente_mockup,Referencia base temporal; requiere mockup o captura específica posterior.
W3_PLANTA_CONFIRM_01,Estación III — Cuaderno Pixel,w3_planta_active,Lía,Confirmación breve,gvo_atlas_006c_206_ref_estacion_iii_cuaderno_pixel.png,,referencia_base,pendiente_mockup,Referencia base temporal; requiere mockup o captura específica posterior.
W3_PROTOTIPO_HINT_01,Estación III — Cuaderno Pixel,w3_prototipo_available,Lía,Instrucción contextual,gvo_atlas_006c_206_ref_estacion_iii_cuaderno_pixel.png,,referencia_base,pendiente_mockup,Referencia base temporal; requiere mockup o captura específica posterior.
W3_PROTOTIPO_NOTE_01,Estación III — Cuaderno Pixel,w3_prototipo_active,Cuaderno / ambiente,Nota de bitácora,gvo_atlas_006c_206_ref_estacion_iii_cuaderno_pixel.png,,referencia_base,pendiente_mockup,Referencia base temporal; requiere mockup o captura específica posterior.
W3_PROTOTIPO_CONFIRM_01,Estación III — Cuaderno Pixel,w3_prototipo_active,Lía,Confirmación breve,gvo_atlas_006c_206_ref_estacion_iii_cuaderno_pixel.png,,referencia_base,pendiente_mockup,Referencia base temporal; requiere mockup o captura específica posterior.
W3_SENAL_HINT_01,Estación III — Cuaderno Pixel,w3_senal_available,Lía,Instrucción contextual,gvo_atlas_006c_206_ref_estacion_iii_cuaderno_pixel.png,,referencia_base,pendiente_mockup,Referencia base temporal; requiere mockup o captura específica posterior.
W3_SENAL_NOTE_01,Estación III — Cuaderno Pixel,w3_senal_active,Cuaderno / ambiente,Nota de bitácora,gvo_atlas_006c_206_ref_estacion_iii_cuaderno_pixel.png,,referencia_base,pendiente_mockup,Referencia base temporal; requiere mockup o captura específica posterior.
W3_SENAL_CONFIRM_01,Estación III — Cuaderno Pixel,w3_senal_active,Lía,Confirmación breve,gvo_atlas_006c_206_ref_estacion_iii_cuaderno_pixel.png,,referencia_base,pendiente_mockup,Referencia base temporal; requiere mockup o captura específica posterior.
W3_AJUSTADO_HINT_01,Estación III — Cuaderno Pixel,w3_ajustado_available,Lía,Instrucción contextual,gvo_atlas_006c_206_ref_estacion_iii_cuaderno_pixel.png,,referencia_base,pendiente_mockup,Referencia base temporal; requiere mockup o captura específica posterior.
W3_AJUSTADO_AMB_01,Estación III — Cuaderno Pixel,w3_ajustado_active,Cuaderno / ambiente,Sello / respuesta,gvo_atlas_006c_206_ref_estacion_iii_cuaderno_pixel.png,,referencia_base,pendiente_mockup,Referencia base temporal; requiere mockup o captura específica posterior.
W3_AJUSTADO_CONFIRM_01,Estación III — Cuaderno Pixel,w3_ajustado_active,Lía,Confirmación breve,gvo_atlas_006c_206_ref_estacion_iii_cuaderno_pixel.png,,referencia_base,pendiente_mockup,Referencia base temporal; requiere mockup o captura específica posterior.
W3_BLOCK_LOCKED_01,Estación III — Cuaderno Pixel,w3_block_locked,Lía o sistema,Bloqueo suave,gvo_atlas_006c_206_ref_estacion_iii_cuaderno_pixel.png,,referencia_base,pendiente_mockup,Referencia base temporal; requiere mockup o captura específica posterior.
W3_BLOCK_REPEAT_01,Estación III — Cuaderno Pixel,w3_block_locked,Lía o sistema,Relectura / repetición,gvo_atlas_006c_206_ref_estacion_iii_cuaderno_pixel.png,,referencia_base,pendiente_mockup,Referencia base temporal; requiere mockup o captura específica posterior.
W3_COMPLETE_LIA_01,Estación III — Cuaderno Pixel,w3_complete,Lía,Cierre,gvo_atlas_006c_206_ref_estacion_iii_cuaderno_pixel.png,,referencia_base,pendiente_mockup,Referencia base temporal; requiere mockup o captura específica posterior.
W3_CONTINUE_BTN_01,Estación III — Cuaderno Pixel,w3_complete,Sistema / interfaz,Botón,gvo_atlas_006c_206_ref_estacion_iii_cuaderno_pixel.png,,referencia_base,pendiente_mockup,Referencia base temporal; requiere mockup o captura específica posterior.
W3_ACCESSIBLE_SCENE_01,Estación III — Cuaderno Pixel,w3_intro,Sistema / accesibilidad,Descripción accesible,gvo_atlas_006c_206_ref_estacion_iii_cuaderno_pixel.png,,referencia_base,cubierto_con_referencia,Referencia base suficiente para introducción conceptual.
W3_ACCESSIBLE_PLANTA_01,Estación III — Cuaderno Pixel,w3_planta_active,Sistema / accesibilidad,Descripción accesible,gvo_atlas_006c_206_ref_estacion_iii_cuaderno_pixel.png,,referencia_base,pendiente_mockup,Referencia base temporal; requiere mockup o captura específica posterior.
W3_ACCESSIBLE_PROTOTIPO_01,Estación III — Cuaderno Pixel,w3_prototipo_active,Sistema / accesibilidad,Descripción accesible,gvo_atlas_006c_206_ref_estacion_iii_cuaderno_pixel.png,,referencia_base,pendiente_mockup,Referencia base temporal; requiere mockup o captura específica posterior.
W3_ACCESSIBLE_SENAL_01,Estación III — Cuaderno Pixel,w3_senal_active,Sistema / accesibilidad,Descripción accesible,gvo_atlas_006c_206_ref_estacion_iii_cuaderno_pixel.png,,referencia_base,pendiente_mockup,Referencia base temporal; requiere mockup o captura específica posterior.
W3_ACCESSIBLE_AJUSTADO_01,Estación III — Cuaderno Pixel,w3_ajustado_active,Sistema / accesibilidad,Descripción accesible,gvo_atlas_006c_206_ref_estacion_iii_cuaderno_pixel.png,,referencia_base,pendiente_mockup,Referencia base temporal; requiere mockup o captura específica posterior.
W4_INTRO_LIA_01,Estación IV — Mesa de Sistema,w4_intro,Lía,Entrada,gvo_atlas_006c_207_ref_estacion_iv_mesa_sistema.png,,referencia_base,pendiente_mockup,"Referencia base temporal; requiere imagen específica para nodos técnicos, bloqueo o cierre."
W4_INTRO_SYS_01,Estación IV — Mesa de Sistema,w4_intro,Sistema / ambiente,Texto de orientación,gvo_atlas_006c_207_ref_estacion_iv_mesa_sistema.png,,referencia_base,pendiente_mockup,"Referencia base temporal; requiere imagen específica para nodos técnicos, bloqueo o cierre."
W4_PLANTA_HINT_01,Estación IV — Mesa de Sistema,w4_planta_available,Lía,Instrucción contextual,gvo_atlas_006c_207_ref_estacion_iv_mesa_sistema.png,,referencia_base,pendiente_mockup,"Referencia base temporal; requiere imagen específica para nodos técnicos, bloqueo o cierre."
W4_PLANTA_CARD_01,Estación IV — Mesa de Sistema,w4_planta_active,Lía / sistema,Tarjeta técnica breve,gvo_atlas_006c_207_ref_estacion_iv_mesa_sistema.png,,referencia_base,pendiente_mockup,"Referencia base temporal; requiere imagen específica para nodos técnicos, bloqueo o cierre."
W4_PLANTA_CONFIRM_01,Estación IV — Mesa de Sistema,w4_planta_active,Lía,Confirmación breve,gvo_atlas_006c_207_ref_estacion_iv_mesa_sistema.png,,referencia_base,pendiente_mockup,"Referencia base temporal; requiere imagen específica para nodos técnicos, bloqueo o cierre."
W4_BIONOSIFICADOR_HINT_01,Estación IV — Mesa de Sistema,w4_bionosificador_available,Lía,Instrucción contextual,gvo_atlas_006c_207_ref_estacion_iv_mesa_sistema.png,,referencia_base,pendiente_mockup,"Referencia base temporal; requiere imagen específica para nodos técnicos, bloqueo o cierre."
W4_BIONOSIFICADOR_CARD_01,Estación IV — Mesa de Sistema,w4_bionosificador_active,Lía / sistema,Tarjeta técnica breve,gvo_atlas_006c_207_ref_estacion_iv_mesa_sistema.png,,referencia_base,pendiente_mockup,"Referencia base temporal; requiere imagen específica para nodos técnicos, bloqueo o cierre."
W4_BIONOSIFICADOR_CONFIRM_01,Estación IV — Mesa de Sistema,w4_bionosificador_active,Lía,Confirmación breve,gvo_atlas_006c_207_ref_estacion_iv_mesa_sistema.png,,referencia_base,pendiente_mockup,"Referencia base temporal; requiere imagen específica para nodos técnicos, bloqueo o cierre."
W4_ESP32_HINT_01,Estación IV — Mesa de Sistema,w4_esp32_available,Lía,Instrucción contextual,gvo_atlas_006c_207_ref_estacion_iv_mesa_sistema.png,,referencia_base,pendiente_mockup,"Referencia base temporal; requiere imagen específica para nodos técnicos, bloqueo o cierre."
W4_ESP32_CARD_01,Estación IV — Mesa de Sistema,w4_esp32_active,Lía / sistema,Tarjeta técnica breve,gvo_atlas_006c_207_ref_estacion_iv_mesa_sistema.png,,referencia_base,pendiente_mockup,"Referencia base temporal; requiere imagen específica para nodos técnicos, bloqueo o cierre."
W4_ESP32_CONFIRM_01,Estación IV — Mesa de Sistema,w4_esp32_active,Lía,Confirmación breve,gvo_atlas_006c_207_ref_estacion_iv_mesa_sistema.png,,referencia_base,pendiente_mockup,"Referencia base temporal; requiere imagen específica para nodos técnicos, bloqueo o cierre."
W4_MIDI_HINT_01,Estación IV — Mesa de Sistema,w4_midi_available,Lía,Instrucción contextual,gvo_atlas_006c_207_ref_estacion_iv_mesa_sistema.png,,referencia_base,pendiente_mockup,"Referencia base temporal; requiere imagen específica para nodos técnicos, bloqueo o cierre."
W4_MIDI_CARD_01,Estación IV — Mesa de Sistema,w4_midi_active,Lía / sistema,Tarjeta técnica breve,gvo_atlas_006c_207_ref_estacion_iv_mesa_sistema.png,,referencia_base,pendiente_mockup,"Referencia base temporal; requiere imagen específica para nodos técnicos, bloqueo o cierre."
W4_MIDI_CONFIRM_01,Estación IV — Mesa de Sistema,w4_midi_active,Lía,Confirmación breve,gvo_atlas_006c_207_ref_estacion_iv_mesa_sistema.png,,referencia_base,pendiente_mockup,"Referencia base temporal; requiere imagen específica para nodos técnicos, bloqueo o cierre."
W4_WIFI_UDP_HINT_01,Estación IV — Mesa de Sistema,w4_wifi_udp_available,Lía,Instrucción contextual,gvo_atlas_006c_207_ref_estacion_iv_mesa_sistema.png,,referencia_base,pendiente_mockup,"Referencia base temporal; requiere imagen específica para nodos técnicos, bloqueo o cierre."
W4_WIFI_UDP_CARD_01,Estación IV — Mesa de Sistema,w4_wifi_udp_active,Lía / sistema,Tarjeta técnica breve,gvo_atlas_006c_207_ref_estacion_iv_mesa_sistema.png,,referencia_base,pendiente_mockup,"Referencia base temporal; requiere imagen específica para nodos técnicos, bloqueo o cierre."
W4_WIFI_UDP_CONFIRM_01,Estación IV — Mesa de Sistema,w4_wifi_udp_active,Lía,Confirmación breve,gvo_atlas_006c_207_ref_estacion_iv_mesa_sistema.png,,referencia_base,pendiente_mockup,"Referencia base temporal; requiere imagen específica para nodos técnicos, bloqueo o cierre."
W4_ROUTER_HINT_01,Estación IV — Mesa de Sistema,w4_router_available,Lía,Instrucción contextual,gvo_atlas_006c_207_ref_estacion_iv_mesa_sistema.png,,referencia_base,pendiente_mockup,"Referencia base temporal; requiere imagen específica para nodos técnicos, bloqueo o cierre."
W4_ROUTER_CARD_01,Estación IV — Mesa de Sistema,w4_router_active,Lía / sistema,Tarjeta técnica breve,gvo_atlas_006c_207_ref_estacion_iv_mesa_sistema.png,,referencia_base,pendiente_mockup,"Referencia base temporal; requiere imagen específica para nodos técnicos, bloqueo o cierre."
W4_ROUTER_CONFIRM_01,Estación IV — Mesa de Sistema,w4_router_active,Lía,Confirmación breve,gvo_atlas_006c_207_ref_estacion_iv_mesa_sistema.png,,referencia_base,pendiente_mockup,"Referencia base temporal; requiere imagen específica para nodos técnicos, bloqueo o cierre."
W4_SISTEMA_CENTRAL_HINT_01,Estación IV — Mesa de Sistema,w4_sistema_central_available,Lía,Instrucción contextual,gvo_atlas_006c_207_ref_estacion_iv_mesa_sistema.png,,referencia_base,pendiente_mockup,"Referencia base temporal; requiere imagen específica para nodos técnicos, bloqueo o cierre."
W4_SISTEMA_CENTRAL_CARD_01,Estación IV — Mesa de Sistema,w4_sistema_central_active,Lía / sistema,Tarjeta técnica breve,gvo_atlas_006c_207_ref_estacion_iv_mesa_sistema.png,,referencia_base,pendiente_mockup,"Referencia base temporal; requiere imagen específica para nodos técnicos, bloqueo o cierre."
W4_SISTEMA_CENTRAL_CONFIRM_01,Estación IV — Mesa de Sistema,w4_sistema_central_active,Lía,Confirmación breve,gvo_atlas_006c_207_ref_estacion_iv_mesa_sistema.png,,referencia_base,pendiente_mockup,"Referencia base temporal; requiere imagen específica para nodos técnicos, bloqueo o cierre."
W4_SONIDO_HINT_01,Estación IV — Mesa de Sistema,w4_sonido_available,Lía,Instrucción contextual,gvo_atlas_006c_207_ref_estacion_iv_mesa_sistema.png,,referencia_base,pendiente_mockup,"Referencia base temporal; requiere imagen específica para nodos técnicos, bloqueo o cierre."
W4_SONIDO_CARD_01,Estación IV — Mesa de Sistema,w4_sonido_active,Lía / sistema,Tarjeta técnica breve,gvo_atlas_006c_207_ref_estacion_iv_mesa_sistema.png,,referencia_base,pendiente_mockup,"Referencia base temporal; requiere imagen específica para nodos técnicos, bloqueo o cierre."
W4_SONIDO_CONFIRM_01,Estación IV — Mesa de Sistema,w4_sonido_active,Lía,Confirmación breve,gvo_atlas_006c_207_ref_estacion_iv_mesa_sistema.png,,referencia_base,pendiente_mockup,"Referencia base temporal; requiere imagen específica para nodos técnicos, bloqueo o cierre."
W4_NODE_LOCKED_01,Estación IV — Mesa de Sistema,w4_node_locked,Sistema / Lía,Bloqueo suave,gvo_atlas_006c_207_ref_estacion_iv_mesa_sistema.png,,referencia_base,pendiente_mockup,"Referencia base temporal; requiere imagen específica para nodos técnicos, bloqueo o cierre."
W4_NODE_REPEAT_01,Estación IV — Mesa de Sistema,w4_node_locked,Sistema / Lía,Relectura / repetición,gvo_atlas_006c_207_ref_estacion_iv_mesa_sistema.png,,referencia_base,pendiente_mockup,"Referencia base temporal; requiere imagen específica para nodos técnicos, bloqueo o cierre."
W4_COMPLETE_LIA_01,Estación IV — Mesa de Sistema,w4_complete,Lía,Cierre,gvo_atlas_006c_207_ref_estacion_iv_mesa_sistema.png,,referencia_base,pendiente_mockup,"Referencia base temporal; requiere imagen específica para nodos técnicos, bloqueo o cierre."
W4_COMPLETE_SYS_01,Estación IV — Mesa de Sistema,w4_complete,Sistema / ambiente,Cierre ambiental,gvo_atlas_006c_207_ref_estacion_iv_mesa_sistema.png,,referencia_base,pendiente_mockup,"Referencia base temporal; requiere imagen específica para nodos técnicos, bloqueo o cierre."
W4_CONTINUE_BTN_01,Estación IV — Mesa de Sistema,w4_complete,Sistema / interfaz,Botón,gvo_atlas_006c_207_ref_estacion_iv_mesa_sistema.png,,referencia_base,pendiente_mockup,"Referencia base temporal; requiere imagen específica para nodos técnicos, bloqueo o cierre."
W4_ACCESSIBLE_SCENE_01,Estación IV — Mesa de Sistema,w4_intro,Sistema / accesibilidad,Descripción accesible,gvo_atlas_006c_207_ref_estacion_iv_mesa_sistema.png,,referencia_base,pendiente_mockup,"Referencia base temporal; requiere imagen específica para nodos técnicos, bloqueo o cierre."
W4_ACCESSIBLE_PLANTA_01,Estación IV — Mesa de Sistema,w4_planta_active,Sistema / accesibilidad,Descripción accesible,gvo_atlas_006c_207_ref_estacion_iv_mesa_sistema.png,,referencia_base,pendiente_mockup,"Referencia base temporal; requiere imagen específica para nodos técnicos, bloqueo o cierre."
W4_ACCESSIBLE_BIONOSIFICADOR_01,Estación IV — Mesa de Sistema,w4_bionosificador_active,Sistema / accesibilidad,Descripción accesible,gvo_atlas_006c_207_ref_estacion_iv_mesa_sistema.png,,referencia_base,pendiente_mockup,"Referencia base temporal; requiere imagen específica para nodos técnicos, bloqueo o cierre."
W4_ACCESSIBLE_ESP32_01,Estación IV — Mesa de Sistema,w4_esp32_active,Sistema / accesibilidad,Descripción accesible,gvo_atlas_006c_207_ref_estacion_iv_mesa_sistema.png,,referencia_base,pendiente_mockup,"Referencia base temporal; requiere imagen específica para nodos técnicos, bloqueo o cierre."
W4_ACCESSIBLE_MIDI_01,Estación IV — Mesa de Sistema,w4_midi_active,Sistema / accesibilidad,Descripción accesible,gvo_atlas_006c_207_ref_estacion_iv_mesa_sistema.png,,referencia_base,pendiente_mockup,"Referencia base temporal; requiere imagen específica para nodos técnicos, bloqueo o cierre."
W4_ACCESSIBLE_WIFI_UDP_01,Estación IV — Mesa de Sistema,w4_wifi_udp_active,Sistema / accesibilidad,Descripción accesible,gvo_atlas_006c_207_ref_estacion_iv_mesa_sistema.png,,referencia_base,pendiente_mockup,"Referencia base temporal; requiere imagen específica para nodos técnicos, bloqueo o cierre."
W4_ACCESSIBLE_ROUTER_01,Estación IV — Mesa de Sistema,w4_router_active,Sistema / accesibilidad,Descripción accesible,gvo_atlas_006c_207_ref_estacion_iv_mesa_sistema.png,,referencia_base,pendiente_mockup,"Referencia base temporal; requiere imagen específica para nodos técnicos, bloqueo o cierre."
W4_ACCESSIBLE_SISTEMA_CENTRAL_01,Estación IV — Mesa de Sistema,w4_sistema_central_active,Sistema / accesibilidad,Descripción accesible,gvo_atlas_006c_207_ref_estacion_iv_mesa_sistema.png,,referencia_base,pendiente_mockup,"Referencia base temporal; requiere imagen específica para nodos técnicos, bloqueo o cierre."
W4_ACCESSIBLE_SONIDO_01,Estación IV — Mesa de Sistema,w4_sonido_active,Sistema / accesibilidad,Descripción accesible,gvo_atlas_006c_207_ref_estacion_iv_mesa_sistema.png,,referencia_base,pendiente_mockup,"Referencia base temporal; requiere imagen específica para nodos técnicos, bloqueo o cierre."
W5_INTRO_LIA_01,Estación V — Mapa del Presente,w5_intro,Lía,Entrada,gvo_atlas_006c_208_ref_estacion_v_mapa_presente.png,,referencia_base,cubierto_con_referencia,Referencia base suficiente para introducción conceptual.
W5_INTRO_AMB_01,Estación V — Mapa del Presente,w5_intro,Ambiente,Texto ambiental,gvo_atlas_006c_208_ref_estacion_v_mapa_presente.png,,referencia_base,cubierto_con_referencia,Referencia base suficiente para introducción conceptual.
W5_PLANTAS_HINT_01,Estación V — Mapa del Presente,w5_plantas_available,Lía,Instrucción contextual,gvo_atlas_006c_208_ref_estacion_v_mapa_presente.png,,referencia_base,pendiente_mockup,"Referencia base temporal; requiere imagen específica para áreas activas, bloqueo o cierre."
W5_PLANTAS_AMB_01,Estación V — Mapa del Presente,w5_plantas_active,Lía / ambiente,Diálogo por área,gvo_atlas_006c_208_ref_estacion_v_mapa_presente.png,,referencia_base,pendiente_mockup,"Referencia base temporal; requiere imagen específica para áreas activas, bloqueo o cierre."
W5_PLANTAS_CONFIRM_01,Estación V — Mapa del Presente,w5_plantas_active,Lía,Confirmación breve,gvo_atlas_006c_208_ref_estacion_v_mapa_presente.png,,referencia_base,pendiente_mockup,"Referencia base temporal; requiere imagen específica para áreas activas, bloqueo o cierre."
W5_SISTEMA_HINT_01,Estación V — Mapa del Presente,w5_sistema_available,Lía,Instrucción contextual,gvo_atlas_006c_208_ref_estacion_v_mapa_presente.png,,referencia_base,pendiente_mockup,"Referencia base temporal; requiere imagen específica para áreas activas, bloqueo o cierre."
W5_SISTEMA_AMB_01,Estación V — Mapa del Presente,w5_sistema_active,Lía / ambiente,Diálogo por área,gvo_atlas_006c_208_ref_estacion_v_mapa_presente.png,,referencia_base,pendiente_mockup,"Referencia base temporal; requiere imagen específica para áreas activas, bloqueo o cierre."
W5_SISTEMA_CONFIRM_01,Estación V — Mapa del Presente,w5_sistema_active,Lía,Confirmación breve,gvo_atlas_006c_208_ref_estacion_v_mapa_presente.png,,referencia_base,pendiente_mockup,"Referencia base temporal; requiere imagen específica para áreas activas, bloqueo o cierre."
W5_ESPACIO_HINT_01,Estación V — Mapa del Presente,w5_espacio_available,Lía,Instrucción contextual,gvo_atlas_006c_208_ref_estacion_v_mapa_presente.png,,referencia_base,pendiente_mockup,"Referencia base temporal; requiere imagen específica para áreas activas, bloqueo o cierre."
W5_ESPACIO_AMB_01,Estación V — Mapa del Presente,w5_espacio_active,Lía / ambiente,Diálogo por área,gvo_atlas_006c_208_ref_estacion_v_mapa_presente.png,,referencia_base,pendiente_mockup,"Referencia base temporal; requiere imagen específica para áreas activas, bloqueo o cierre."
W5_ESPACIO_CONFIRM_01,Estación V — Mapa del Presente,w5_espacio_active,Lía,Confirmación breve,gvo_atlas_006c_208_ref_estacion_v_mapa_presente.png,,referencia_base,pendiente_mockup,"Referencia base temporal; requiere imagen específica para áreas activas, bloqueo o cierre."
W5_VISITANTE_HINT_01,Estación V — Mapa del Presente,w5_visitante_available,Lía,Instrucción contextual,gvo_atlas_006c_208_ref_estacion_v_mapa_presente.png,,referencia_base,pendiente_mockup,"Referencia base temporal; requiere imagen específica para áreas activas, bloqueo o cierre."
W5_VISITANTE_AMB_01,Estación V — Mapa del Presente,w5_visitante_active,Lía / ambiente,Diálogo por área,gvo_atlas_006c_208_ref_estacion_v_mapa_presente.png,,referencia_base,pendiente_mockup,"Referencia base temporal; requiere imagen específica para áreas activas, bloqueo o cierre."
W5_VISITANTE_CONFIRM_01,Estación V — Mapa del Presente,w5_visitante_active,Lía,Confirmación breve,gvo_atlas_006c_208_ref_estacion_v_mapa_presente.png,,referencia_base,pendiente_mockup,"Referencia base temporal; requiere imagen específica para áreas activas, bloqueo o cierre."
W5_AREA_LOCKED_01,Estación V — Mapa del Presente,w5_area_locked,Lía o sistema,Bloqueo suave,gvo_atlas_006c_208_ref_estacion_v_mapa_presente.png,,referencia_base,pendiente_mockup,"Referencia base temporal; requiere imagen específica para áreas activas, bloqueo o cierre."
W5_AREA_REPEAT_01,Estación V — Mapa del Presente,w5_area_locked,Lía o sistema,Relectura / repetición,gvo_atlas_006c_208_ref_estacion_v_mapa_presente.png,,referencia_base,pendiente_mockup,"Referencia base temporal; requiere imagen específica para áreas activas, bloqueo o cierre."
W5_COMPLETE_LIA_01,Estación V — Mapa del Presente,w5_complete,Lía,Cierre previo,gvo_atlas_006c_208_ref_estacion_v_mapa_presente.png,,referencia_base,pendiente_mockup,"Referencia base temporal; requiere imagen específica para áreas activas, bloqueo o cierre."
W5_COMPLETE_AMB_01,Estación V — Mapa del Presente,w5_complete,Ambiente,Cierre ambiental,gvo_atlas_006c_208_ref_estacion_v_mapa_presente.png,,referencia_base,pendiente_mockup,"Referencia base temporal; requiere imagen específica para áreas activas, bloqueo o cierre."
W5_FINAL_BTN_01,Estación V — Mapa del Presente,w5_complete,Sistema / interfaz,Botón,gvo_atlas_006c_208_ref_estacion_v_mapa_presente.png,,referencia_base,pendiente_mockup,"Referencia base temporal; requiere imagen específica para áreas activas, bloqueo o cierre."
W5_ACCESSIBLE_SCENE_01,Estación V — Mapa del Presente,w5_intro,Sistema / accesibilidad,Descripción accesible,gvo_atlas_006c_208_ref_estacion_v_mapa_presente.png,,referencia_base,cubierto_con_referencia,Referencia base suficiente para introducción conceptual.
W5_ACCESSIBLE_PLANTAS_01,Estación V — Mapa del Presente,w5_plantas_active,Sistema / accesibilidad,Descripción accesible,gvo_atlas_006c_208_ref_estacion_v_mapa_presente.png,,referencia_base,pendiente_mockup,"Referencia base temporal; requiere imagen específica para áreas activas, bloqueo o cierre."
W5_ACCESSIBLE_SISTEMA_01,Estación V — Mapa del Presente,w5_sistema_active,Sistema / accesibilidad,Descripción accesible,gvo_atlas_006c_208_ref_estacion_v_mapa_presente.png,,referencia_base,pendiente_mockup,"Referencia base temporal; requiere imagen específica para áreas activas, bloqueo o cierre."
W5_ACCESSIBLE_ESPACIO_01,Estación V — Mapa del Presente,w5_espacio_active,Sistema / accesibilidad,Descripción accesible,gvo_atlas_006c_208_ref_estacion_v_mapa_presente.png,,referencia_base,pendiente_mockup,"Referencia base temporal; requiere imagen específica para áreas activas, bloqueo o cierre."
W5_ACCESSIBLE_VISITANTE_01,Estación V — Mapa del Presente,w5_visitante_active,Sistema / accesibilidad,Descripción accesible,gvo_atlas_006c_208_ref_estacion_v_mapa_presente.png,,referencia_base,pendiente_mockup,"Referencia base temporal; requiere imagen específica para áreas activas, bloqueo o cierre."
FINAL_TITLE_01,Pantalla final — Mirador,final_intro,Sistema / interfaz,Título,gvo_atlas_006c_209_ref_pantalla_final_mirador.png,,referencia_base,cubierto_con_referencia,Referencia base suficiente para cierre introductorio.
FINAL_SUBTITLE_01,Pantalla final — Mirador,final_intro,Sistema / interfaz,Subtítulo,gvo_atlas_006c_209_ref_pantalla_final_mirador.png,,referencia_base,cubierto_con_referencia,Referencia base suficiente para cierre introductorio.
FINAL_LIA_MESSAGE_01,Pantalla final — Mirador,final_intro,Lía,Mensaje final,gvo_atlas_006c_209_ref_pantalla_final_mirador.png,,referencia_base,cubierto_con_referencia,Referencia base suficiente para cierre introductorio.
FINAL_AMB_01,Pantalla final — Mirador,final_intro,Ambiente,Cierre ambiental,gvo_atlas_006c_209_ref_pantalla_final_mirador.png,,referencia_base,cubierto_con_referencia,Referencia base suficiente para cierre introductorio.
FINAL_ACCESS_I_LABEL_01,Pantalla final — Mirador,final_review,Sistema / interfaz,Label de acceso,gvo_atlas_006c_209_ref_pantalla_final_mirador.png,,referencia_base,pendiente_mockup,"Referencia base temporal; requiere imagen específica para revisión, reinicio o créditos."
FINAL_ACCESS_I_CONFIRM_01,Pantalla final — Mirador,final_access_i_selected,Sistema / Lía,Confirmación breve,gvo_atlas_006c_209_ref_pantalla_final_mirador.png,,referencia_base,pendiente_mockup,"Referencia base temporal; requiere imagen específica para revisión, reinicio o créditos."
FINAL_ACCESS_II_LABEL_01,Pantalla final — Mirador,final_review,Sistema / interfaz,Label de acceso,gvo_atlas_006c_209_ref_pantalla_final_mirador.png,,referencia_base,pendiente_mockup,"Referencia base temporal; requiere imagen específica para revisión, reinicio o créditos."
FINAL_ACCESS_II_CONFIRM_01,Pantalla final — Mirador,final_access_ii_selected,Sistema / Lía,Confirmación breve,gvo_atlas_006c_209_ref_pantalla_final_mirador.png,,referencia_base,pendiente_mockup,"Referencia base temporal; requiere imagen específica para revisión, reinicio o créditos."
FINAL_ACCESS_III_LABEL_01,Pantalla final — Mirador,final_review,Sistema / interfaz,Label de acceso,gvo_atlas_006c_209_ref_pantalla_final_mirador.png,,referencia_base,pendiente_mockup,"Referencia base temporal; requiere imagen específica para revisión, reinicio o créditos."
FINAL_ACCESS_III_CONFIRM_01,Pantalla final — Mirador,final_access_iii_selected,Sistema / Lía,Confirmación breve,gvo_atlas_006c_209_ref_pantalla_final_mirador.png,,referencia_base,pendiente_mockup,"Referencia base temporal; requiere imagen específica para revisión, reinicio o créditos."
FINAL_ACCESS_IV_LABEL_01,Pantalla final — Mirador,final_review,Sistema / interfaz,Label de acceso,gvo_atlas_006c_209_ref_pantalla_final_mirador.png,,referencia_base,pendiente_mockup,"Referencia base temporal; requiere imagen específica para revisión, reinicio o créditos."
FINAL_ACCESS_IV_CONFIRM_01,Pantalla final — Mirador,final_access_iv_selected,Sistema / Lía,Confirmación breve,gvo_atlas_006c_209_ref_pantalla_final_mirador.png,,referencia_base,pendiente_mockup,"Referencia base temporal; requiere imagen específica para revisión, reinicio o créditos."
FINAL_ACCESS_V_LABEL_01,Pantalla final — Mirador,final_review,Sistema / interfaz,Label de acceso,gvo_atlas_006c_209_ref_pantalla_final_mirador.png,,referencia_base,pendiente_mockup,"Referencia base temporal; requiere imagen específica para revisión, reinicio o créditos."
FINAL_ACCESS_V_CONFIRM_01,Pantalla final — Mirador,final_access_v_selected,Sistema / Lía,Confirmación breve,gvo_atlas_006c_209_ref_pantalla_final_mirador.png,,referencia_base,pendiente_mockup,"Referencia base temporal; requiere imagen específica para revisión, reinicio o créditos."
FINAL_HELP_01,Pantalla final — Mirador,final_review,Lía,Ayuda breve,gvo_atlas_006c_209_ref_pantalla_final_mirador.png,,referencia_base,pendiente_mockup,"Referencia base temporal; requiere imagen específica para revisión, reinicio o créditos."
FINAL_BACK_HOME_BTN_01,Pantalla final — Mirador,final_return,Sistema / interfaz,Botón,gvo_atlas_006c_209_ref_pantalla_final_mirador.png,,referencia_base,pendiente_mockup,"Referencia base temporal; requiere imagen específica para revisión, reinicio o créditos."
FINAL_BACK_HOME_HELP_01,Pantalla final — Mirador,final_return,Sistema / interfaz,Ayuda breve,gvo_atlas_006c_209_ref_pantalla_final_mirador.png,,referencia_base,pendiente_mockup,"Referencia base temporal; requiere imagen específica para revisión, reinicio o créditos."
FINAL_RESTART_BTN_01,Pantalla final — Mirador,final_restart,Sistema / interfaz,Botón,gvo_atlas_006c_209_ref_pantalla_final_mirador.png,,referencia_base,pendiente_mockup,"Referencia base temporal; requiere imagen específica para revisión, reinicio o créditos."
FINAL_RESTART_CONFIRM_01,Pantalla final — Mirador,final_restart_confirm,Sistema / interfaz,Confirmación,gvo_atlas_006c_209_ref_pantalla_final_mirador.png,,referencia_base,pendiente_mockup,"Referencia base temporal; requiere imagen específica para revisión, reinicio o créditos."
FINAL_RESTART_CANCEL_BTN_01,Pantalla final — Mirador,final_restart_confirm,Sistema / interfaz,Botón secundario,gvo_atlas_006c_209_ref_pantalla_final_mirador.png,,referencia_base,pendiente_mockup,"Referencia base temporal; requiere imagen específica para revisión, reinicio o créditos."
FINAL_RESTART_CONFIRM_BTN_01,Pantalla final — Mirador,final_restart_confirm,Sistema / interfaz,Botón crítico,gvo_atlas_006c_209_ref_pantalla_final_mirador.png,,referencia_base,pendiente_mockup,"Referencia base temporal; requiere imagen específica para revisión, reinicio o créditos."
FINAL_CREDITS_01,Pantalla final — Mirador,final_credits,Sistema / interfaz,Créditos,gvo_atlas_006c_209_ref_pantalla_final_mirador.png,,referencia_base,pendiente_mockup,"Referencia base temporal; requiere imagen específica para revisión, reinicio o créditos."
FINAL_ACCESSIBLE_SCENE_01,Pantalla final — Mirador,final_intro,Sistema / accesibilidad,Descripción accesible,gvo_atlas_006c_209_ref_pantalla_final_mirador.png,,referencia_base,cubierto_con_referencia,Referencia base suficiente para cierre introductorio.
FINAL_ACCESSIBLE_ACCESS_I_01,Pantalla final — Mirador,final_review,Sistema / accesibilidad,Descripción accesible,gvo_atlas_006c_209_ref_pantalla_final_mirador.png,,referencia_base,pendiente_mockup,"Referencia base temporal; requiere imagen específica para revisión, reinicio o créditos."
FINAL_ACCESSIBLE_ACCESS_II_01,Pantalla final — Mirador,final_review,Sistema / accesibilidad,Descripción accesible,gvo_atlas_006c_209_ref_pantalla_final_mirador.png,,referencia_base,pendiente_mockup,"Referencia base temporal; requiere imagen específica para revisión, reinicio o créditos."
FINAL_ACCESSIBLE_ACCESS_III_01,Pantalla final — Mirador,final_review,Sistema / accesibilidad,Descripción accesible,gvo_atlas_006c_209_ref_pantalla_final_mirador.png,,referencia_base,pendiente_mockup,"Referencia base temporal; requiere imagen específica para revisión, reinicio o créditos."
FINAL_ACCESSIBLE_ACCESS_IV_01,Pantalla final — Mirador,final_review,Sistema / accesibilidad,Descripción accesible,gvo_atlas_006c_209_ref_pantalla_final_mirador.png,,referencia_base,pendiente_mockup,"Referencia base temporal; requiere imagen específica para revisión, reinicio o créditos."
FINAL_ACCESSIBLE_ACCESS_V_01,Pantalla final — Mirador,final_review,Sistema / accesibilidad,Descripción accesible,gvo_atlas_006c_209_ref_pantalla_final_mirador.png,,referencia_base,pendiente_mockup,"Referencia base temporal; requiere imagen específica para revisión, reinicio o créditos."
FINAL_ACCESSIBLE_BACK_HOME_01,Pantalla final — Mirador,final_return,Sistema / accesibilidad,Descripción accesible,gvo_atlas_006c_209_ref_pantalla_final_mirador.png,,referencia_base,pendiente_mockup,"Referencia base temporal; requiere imagen específica para revisión, reinicio o créditos."
FINAL_ACCESSIBLE_RESTART_01,Pantalla final — Mirador,final_restart_confirm,Sistema / accesibilidad,Descripción accesible,gvo_atlas_006c_209_ref_pantalla_final_mirador.png,,referencia_base,pendiente_mockup,"Referencia base temporal; requiere imagen específica para revisión, reinicio o créditos."
